gpsno,safety_score
95200275,68.1204
95200404,72.9155
95200429,74.9046
95200489,63.6192
95200503,67.9822
95200550,54.559
95200591,64.0062
95200699,80.3703
95200716,74.5854
95200727,64.8463
95200741,73.4245
95200759,69.8164
95200760,70.8315
95200775,64.2488
95200789,72.5801
95200827,78.1136
95200900,69.6984
95200904,75.136
95200962,64.157
95201040,60.4893
95201117,65.8307
95201197,41.4539
95201242,57.0047
95201246,59.8263
95201298,73.9674
95201323,71.7962
95201443,40.4425
95201513,59.5327
95201536,59.4596
95201548,70.2582
95201609,63.8947
95201632,47.0772
95201656,51.0704
95201765,66.1539
95201803,59.4359
95201809,82.9481
95201816,68.3379
95201850,46.0295
95201961,56.0635
95202013,47.6706
95202153,67.8672
95300045,54.0879
95300054,82.3303
95300064,60.7739
95300096,66.8123
95300106,63.6974
95300112,69.7164
95300113,65.3855
95300122,67.5524
95300141,55.0132
95300203,74.5871
95300222,65.6478
95300224,75.9841
95300262,69.2164
95300269,52.1741
95300278,65.7661
95300552,25.139
95300557,33.5013
95300566,23.3614
95300580,24.4428
95300586,68.6066
95300589,85.8252
95300592,33.3553
95300594,46.3268
95300606,22.7412
95300614,31.5864
95300620,70.4762
95300625,52.7753
95300642,54.8979
95300646,47.8095
95300659,48.7514
95300660,68.472
95300663,11.2396
95300696,23.3857
95300698,67.597
95300702,26.0077
95300709,5.2466
95300712,26.0951
95300716,44.9298
95300720,18.2641
95300726,81.6866
95300730,39.5689
95300740,55.1623
95300749,29.6685
95300752,57.0628
95300753,29.5791
95300760,34.6276
95300762,13.6662
95300769,26.3708
95300777,83.1766
95300787,35.7192
95300798,44.621
95300807,71.2108
95300818,55.5083
95300819,57.8633
95300830,38.6234
95300836,71.4982
95300837,30.5447
95300841,18.531
95300849,83.5472
95300853,55.9462
95300854,28.7656
95300858,67.1436
95300859,17.347
95300862,50.2585
95300865,21.3063
95300869,50.1853
95300871,44.6364
95300874,16.8395
95300877,32.6072
95300883,31.6318
95300888,62.8093
95300889,72.0379
95300892,37.0485
95300901,36.1461
95300902,34.7176
95300921,16.9716
95300922,40.9804
95300926,76.5469
95300931,86.8869
95300933,70.4911
95300945,30.6774
95300959,80.333
95300964,45.2374
95300972,20.8811
95301002,42.9121
95301003,81.9334
95301011,36.5193
95301014,50.6451
95301029,77.7984
95301040,12.755
95301042,18.1269
95301049,41.0866
95301051,81.828
95301059,53.4617
95301061,23.6891
95301079,25.5755
95301082,59.076
95301096,22.7637
95301098,37.6206
95301101,26.8446
95301105,71.0154
95301107,42.8877
95301111,52.764
95301116,54.543
95301124,18.582
95301127,40.2794
95301129,13.9822
95301133,13.2866
95301139,27.9198
95301140,26.3995
95301151,29.5866
95301152,74.4615
95301161,57.1928
95301167,45.1639
95301179,50.2919
95301191,14.0524
95301198,84.4821
95301199,75.1251
95301206,79.1425
95301207,40.0106
95301219,28.1066
95301229,49.4808
95301231,30.7881
95301238,42.7462
95301243,46.8048
95301247,61.0765
95301249,43.6118
95301254,26.0725
95301261,87.1549
95301274,49.4437
95301279,88.4759
95301281,39.5659
95301283,75.4277
95301286,78.9017
95301295,29.4342
95301297,91.9454
95301300,73.2647
95301303,67.7576
95301306,54.2196
95301310,46.6353
95301316,80.6044
95301320,43.8661
95301325,13.2331
95301329,40.8526
95301330,30.7471
95301338,46.591
95301342,29.7829
95301356,56.6042
95301381,27.809
95301384,43.6851
95301387,44.2383
95301390,51.3384
95301399,75.5325
95301406,56.579
95301407,16.5014
95301419,33.0498
95301421,36.8359
95301439,86.0017
95301447,82.232
95301448,42.4086
95301453,40.5465
95301468,80.5751
95301471,53.7156
95301480,32.7721
95301496,35.5123
95301497,15.5376
95301498,24.7412
95301504,16.2491
95301505,79.7565
95301513,46.252
95301529,41.1393
95301530,57.6023
95301543,30.0259
95301548,35.5812
95301549,16.8327
95301555,76.713
95301562,86.5438
95301567,64.7595
95301619,85.3865
95301638,84.1108
95301659,81.9594
95301660,82.1884
95301663,76.3188
95301694,88.2875
95301711,81.0634
95301728,78.1518
95301748,82.6327
95301762,83.1796
95301804,67.4093
95301812,78.0414
95301813,55.5516
95301815,85.461
95301850,54.2467
95301868,81.5427
95301879,75.1695
95301904,92.2855
95301911,88.3169
95301935,37.6592
95301991,58.56
95301992,45.6036
95302009,64.5394
95302015,66.7385
95302035,57.3086
95302041,82.6015
95302073,80.8853
95302079,46.2983
95302094,47.3576
95302118,81.6999
95302119,77.0667
95302121,91.9346
95302139,62.4799
95302142,85.2068
95302144,91.8793
95302159,88.5305
95302179,79.909
95302186,88.375
95302219,85.7731
95302258,87.8478
95302261,78.3612
95302271,78.7719
95302275,82.9967
95302307,80.6388
95302328,74.4941
95302347,87.7272
95302350,78.1614
95302357,46.6423
95302365,82.7602
95302380,87.6916
95302390,38.3469
95302401,80.1386
95302405,89.3961
95302413,79.4744
95302422,75.9455
95302432,91.1809
95302436,88.3215
95302450,88.8723
95302451,43.2948
95302463,72.6699
95302464,88.8066
95302470,86.639
95302477,58.6943
95302482,81.9354
95302483,86.0313
95302484,73.6371
95302487,83.3633
95302508,87.2581
95302516,83.4172
95302524,85.0553
95302577,67.15
95302584,71.0949
95302599,84.7546
95302616,85.65
95302626,76.0369
95302640,73.4828
95302648,54.462
95302652,69.6523
95302654,70.9093
95302662,63.4582
95302698,84.7033
95302719,90.5484
95302720,47.6925
95302730,76.1006
95302741,54.3329
95302742,83.4569
95302746,69.9667
95302753,75.4545
95302759,91.6574
95302762,86.5932
95302767,67.8604
95302771,77.4235
95302777,80.5595
95302801,90.0172
95302811,71.861
95302813,87.8278
95302816,74.8273
95302831,40.7044
95302836,36.7724
95302837,89.7125
95302850,80.1822
95302874,77.3313
95302877,81.8218
95302886,89.0591
95302903,81.7841
95302933,75.9227
95302943,42.495
95302965,74.1121
95302986,77.7937
95302991,78.5054
95303016,80.8999
95303021,74.4473
95303026,75.0
95303055,81.0441
95303095,28.4463
95303101,90.8762
95303127,76.5781
95303135,75.0186
95303137,54.2645
95303140,75.6564
95303141,74.7593
95303152,77.6036
95303155,86.5668
95303158,30.6497
95303168,78.2324
95303201,86.7677
95303204,67.1157
95303216,71.3377
95303226,87.1741
95303259,63.1186
95303263,60.675
95303277,52.0688
95303312,88.968
95303322,39.8315
95303331,81.0425
95303335,50.3345
95303367,45.3513
95303381,73.4604
95303386,89.9628
95303395,74.9572
95303398,84.1395
95303407,75.3497
95303411,82.7062
95303417,86.9838
95303424,91.5621
95303425,82.9527
95303426,90.6483
95303430,85.7686
95303434,86.417
95303448,84.8759
95303471,57.7035
95303489,79.0807
95303492,80.0059
95303504,72.9717
95303513,81.2072
95303514,78.6624
95303519,84.8883
95303521,81.3755
95303547,88.3469
95303549,62.961
95303551,82.9348
95303552,68.8436
95303584,80.7761
95303589,84.183
95303600,80.4674
95303608,71.9637
95303615,89.8631
95303622,83.4902
95303627,82.7351
95303653,81.4443
95303664,85.1703
95303675,27.2405
95303677,80.3015
95303725,86.0585
95303730,82.7825
95303740,90.9123
95303744,84.5108
95303756,76.501
95303787,31.6441
95303788,57.9768
95303797,53.3853
95303799,92.5023
95303802,62.4701
95303806,89.9138
95303839,87.2006
95303849,87.4221
95303861,80.536
95303865,80.7201
95303879,87.6625
95303923,77.4973
95303979,91.5187
95303988,76.9452
95304005,71.3897
95304014,80.3453
95304015,76.2173
95304018,83.4764
95304033,79.2992
95304036,76.5332
95304092,76.7138
95304104,91.0302
95304125,66.3583
95304202,92.3635
95304216,90.3039
95304257,40.5861
95304268,91.8134
95304341,75.0
95304343,77.5973
95304404,91.9206
95304413,90.5496
95304440,75.0
95304447,49.3603
95304519,75.0
95304527,75.0
95304573,75.0
95304602,36.8841
95304616,90.8185
95304626,73.4749
95304680,80.5382
95304705,75.0
95304743,91.9524
95304781,75.0
95304837,91.3378
95304841,88.9272
95304874,75.7245
95304944,75.0
95304966,75.0
95304972,81.0964
95304975,86.3955
95304993,52.2416
95305011,64.0214
95305116,85.7724
95305189,89.4295
95305208,75.0
95305248,82.254
95305317,75.0
95305364,89.6527
95305365,90.6761
95305658,90.3081
95305669,47.7389
95305750,92.3391
95305764,88.665
95305846,85.1671
95305867,88.5287
95305894,75.0
95305909,82.8671
95305975,75.4067
95306031,75.0
95306073,75.0
95306089,89.9744
95306122,75.0
95306576,75.0
95306886,75.0
95307277,75.0
95800038,77.2529
95800048,54.2485
95800049,48.2368
95800130,69.7071
95800142,56.6999
95800208,68.1267
95800214,57.136
95800218,38.6786
95800225,59.7875
95800306,37.873
95800310,46.9598
95800397,68.6762
95800440,39.4246
95800455,62.9593
95800549,57.3337
95800565,65.4447
95800572,69.52
95800666,36.4448
95800700,39.3374
95800756,70.4189
95800943,61.7237
95801036,38.0897
95801315,75.0
95801894,59.5973
95801991,67.8894
95802002,72.2212
95802248,75.0
95802362,75.0
