gpsno,prediction,probability
95200275,1,0.575411663722967
95200404,1,0.579744921975994
95200429,0,0.498363390214744
95200489,0,0.477621690662946
95200503,0,0.404796985959006
95200550,1,0.728259001657901
95200591,1,0.671229436824961
95200699,0,0.339008731500271
95200716,1,0.511966525345959
95200727,1,0.633466505900146
95200741,0,0.456444369453735
95200759,0,0.389490436322085
95200760,0,0.273317093006009
95200775,1,0.503974416975704
95200789,0,0.466728985890073
95200827,0,0.376372741530969
95200900,1,0.51509226122857
95200904,0,0.333063458030233
95200962,1,0.589170186635517
95201040,1,0.576589520363636
95201117,0,0.373659090379877
95201197,1,0.830673324134245
95201242,1,0.565572585122729
95201246,1,0.62540573705083
95201298,0,0.383174569679399
95201323,0,0.455569369694353
95201443,1,0.868712574116051
95201513,1,0.699099247538374
95201536,1,0.639512767325757
95201548,0,0.454026487685778
95201609,1,0.570705778151026
95201632,1,0.581543829389578
95201656,1,0.736208551866304
95201765,1,0.589787141543007
95201803,1,0.627420012996606
95201809,0,0.339637357340737
95201816,0,0.467533741065502
95201850,1,0.818458074199241
95201961,1,0.679360514495599
95202013,1,0.748433980340153
95202153,0,0.432655072425222
95300045,1,0.732065979635245
95300054,0,0.361128649392922
95300064,1,0.67570962813729
95300096,1,0.607204904054441
95300106,0,0.497997953995484
95300112,0,0.438195526845496
95300113,1,0.50480387420377
95300122,0,0.393223084511769
95300141,1,0.700718673492756
95300203,0,0.404566431979823
95300222,1,0.585433468892367
95300224,0,0.363277294442883
95300262,1,0.561673047995974
95300269,1,0.69803478546419
95300278,1,0.714497152744896
95300552,1,0.957539219023686
95300557,1,0.841680171925318
95300566,1,0.94097129665544
95300580,1,0.934898814922539
95300586,1,0.574714533216494
95300589,0,0.145881970736296
95300592,1,0.848243963363479
95300594,1,0.772977901526762
95300606,1,0.948978403278112
95300614,1,0.89623205976066
95300620,0,0.480473466387161
95300625,1,0.705940873102869
95300642,1,0.722845850069797
95300646,1,0.788048711087761
95300659,1,0.79667060063038
95300660,1,0.573084278182804
95300663,1,0.967393579879424
95300696,1,0.956050456044355
95300698,1,0.612902478297714
95300702,1,0.936191062736079
95300709,1,0.98657700850314
95300712,1,0.953302873753516
95300716,1,0.792766296066821
95300720,1,0.963466263187188
95300726,0,0.169034629807369
95300730,1,0.810231203760381
95300740,1,0.713538774893527
95300749,1,0.941852849989842
95300752,1,0.723300471241242
95300753,1,0.909643836038354
95300760,1,0.898132659400025
95300762,1,0.962410032765687
95300769,1,0.913484415709262
95300777,0,0.292037664822387
95300787,1,0.916623484107083
95300798,1,0.848092961304642
95300807,0,0.383870966060582
95300818,1,0.749254425036482
95300819,1,0.722199975941865
95300830,1,0.862995576037183
95300836,0,0.339825374159896
95300837,1,0.869868572762323
95300841,1,0.909748467764787
95300849,0,0.325491598593887
95300853,1,0.708551022402611
95300854,1,0.94623997323827
95300858,0,0.291590075383864
95300859,1,0.970201763497946
95300862,1,0.764336298492042
95300865,1,0.977716205552446
95300869,1,0.843681334404407
95300871,1,0.721249212327942
95300874,1,0.970137247180839
95300877,1,0.925639772948896
95300883,1,0.878180753191531
95300888,1,0.682727067167309
95300889,0,0.178422527813262
95300892,1,0.890797907170328
95300901,1,0.882117847234799
95300902,1,0.897655134288658
95300921,1,0.979723673343275
95300922,1,0.823397850451143
95300926,0,0.367355728929321
95300931,0,0.165210431111856
95300933,0,0.458220159801986
95300945,1,0.879485470881764
95300959,0,0.243027293335451
95300964,1,0.768867491023704
95300972,1,0.948943371407326
95301002,1,0.836946258695087
95301003,0,0.210449134294643
95301011,1,0.925423364671795
95301014,1,0.804615069224518
95301029,0,0.366269280995599
95301040,1,0.975424782609121
95301042,1,0.929811911242758
95301049,1,0.864491131637115
95301051,0,0.27007668903216
95301059,1,0.593619604808145
95301061,1,0.952168194694431
95301079,1,0.952466315237092
95301082,1,0.522542506037164
95301096,1,0.957870136795729
95301098,1,0.913831505903517
95301101,1,0.929563285469697
95301105,0,0.422693597458897
95301107,1,0.837784968483155
95301111,1,0.774079210052074
95301116,1,0.661109983337539
95301124,1,0.957919318848649
95301127,1,0.827277418917572
95301129,1,0.970132505250817
95301133,1,0.947988512487994
95301139,1,0.92196276794442
95301140,1,0.945556238908663
95301151,1,0.942957723564144
95301152,0,0.381178211171146
95301161,1,0.699665170166915
95301167,1,0.798248040492088
95301179,1,0.806620662272718
95301191,1,0.956086838199465
95301198,0,0.313120297481429
95301199,0,0.210795320764882
95301206,0,0.329944695635412
95301207,1,0.861918615080365
95301219,1,0.841467900169401
95301229,1,0.711084758636546
95301231,1,0.938626461687726
95301238,1,0.837453939609421
95301243,1,0.753373664856355
95301247,0,0.4962070093282
95301249,1,0.850236271751616
95301254,1,0.898149790127457
95301261,0,0.136700356053855
95301274,1,0.734024468737025
95301279,0,0.149906353916179
95301281,1,0.837725865568732
95301283,0,0.347105388047229
95301286,0,0.286967595530794
95301295,1,0.926647513478734
95301297,0,0.073315037314049
95301300,0,0.331137225253935
95301303,1,0.552803223759453
95301306,1,0.718147466435672
95301310,1,0.789829387425558
95301316,0,0.164314354814704
95301320,1,0.867796889381965
95301325,1,0.972008423320367
95301329,1,0.83817236135514
95301330,1,0.874889806562961
95301338,1,0.880507649674715
95301342,1,0.920438629976045
95301356,1,0.686175109220388
95301381,1,0.913985621277612
95301384,1,0.887682662519285
95301387,1,0.825567770927797
95301390,1,0.777039914153958
95301399,0,0.301677107499816
95301406,1,0.67184962729358
95301407,1,0.959340050431927
95301419,1,0.931297115169966
95301421,1,0.85047059812616
95301439,0,0.164417560965039
95301447,0,0.123936981800728
95301448,1,0.888991356833489
95301453,1,0.770860366561559
95301468,0,0.213289156187497
95301471,1,0.781878483528893
95301480,1,0.912871327297737
95301496,1,0.895779231741883
95301497,1,0.973888743134221
95301498,1,0.957252163097017
95301504,1,0.956241113876392
95301505,0,0.251064544593465
95301513,1,0.753428540133135
95301529,1,0.826721238914751
95301530,1,0.692635037542872
95301543,1,0.938389825345581
95301548,1,0.94211421825196
95301549,1,0.950738640406811
95301555,0,0.159382033930887
95301562,0,0.194554215120493
95301567,1,0.67667650503845
95301619,0,0.142639236440214
95301638,0,0.119214896806639
95301659,0,0.250935979409246
95301660,0,0.227992953941476
95301663,0,0.240677320903422
95301694,0,0.127513905880593
95301711,0,0.202951294725635
95301728,0,0.180101547702424
95301748,0,0.22064282440602
95301762,0,0.143762198100666
95301804,1,0.652125364508782
95301812,0,0.199829522964254
95301813,1,0.7711426102201
95301815,0,0.274853784823605
95301850,1,0.563885117443955
95301868,0,0.231599294376379
95301879,0,0.300594931424372
95301904,0,0.113232507649302
95301911,0,0.088896390339667
95301935,1,0.875261197414937
95301991,0,0.429150654914029
95301992,1,0.815099514910307
95302009,1,0.643518556580292
95302015,1,0.664215404908216
95302035,1,0.674688011936155
95302041,0,0.16204155039703
95302073,0,0.257116176966672
95302079,1,0.812734894537899
95302094,1,0.77139327172531
95302118,0,0.216371699654609
95302119,0,0.47655515716155
95302121,0,0.0694731589670081
95302139,1,0.683070114879392
95302142,0,0.153717522926097
95302144,0,0.116490685376016
95302159,0,0.126321433018435
95302179,0,0.401875414668606
95302186,0,0.126096503304858
95302219,0,0.157488768869048
95302258,0,0.102499751878192
95302261,0,0.203355709967505
95302271,0,0.256909090748342
95302275,0,0.121484691201821
95302307,0,0.250249339458168
95302328,0,0.454513100744082
95302347,0,0.0854834439581674
95302350,0,0.178959325936559
95302357,1,0.803635800139765
95302365,0,0.0987831972004853
95302380,0,0.099863836535573
95302390,1,0.89018376717182
95302401,0,0.184435243208538
95302405,0,0.0950234013700186
95302413,0,0.185325148574436
95302422,0,0.288399274439228
95302432,0,0.0835891894019072
95302436,0,0.224097585354487
95302450,0,0.161513281635528
95302451,1,0.859197090730073
95302463,0,0.363915353156626
95302464,0,0.130929206052594
95302470,0,0.187644217741744
95302477,1,0.760345245186586
95302482,0,0.196835074567544
95302483,0,0.141635426639524
95302484,0,0.169351117338958
95302487,0,0.310725649728238
95302508,0,0.243370217735196
95302516,0,0.17750237937909
95302524,0,0.148173493901124
95302577,0,0.433263089681715
95302584,0,0.296430945991072
95302599,0,0.268808869210412
95302616,0,0.257622466642359
95302626,0,0.270104314391969
95302640,0,0.42374199580815
95302648,1,0.802902835849332
95302652,0,0.317302083170247
95302654,0,0.255181265887342
95302662,0,0.438074678750686
95302698,0,0.303658350456336
95302719,0,0.0505161938234781
95302720,1,0.803890325871016
95302730,0,0.301771388186288
95302741,1,0.828130762080943
95302742,0,0.336207464517059
95302746,0,0.262314613282537
95302753,0,0.305712263876874
95302759,0,0.114687435463195
95302762,0,0.204449611213783
95302767,0,0.269488586233122
95302771,0,0.249800161772477
95302777,0,0.133785066951291
95302801,0,0.124115337182042
95302811,0,0.25469386903955
95302813,0,0.0850085517901662
95302816,0,0.215149822864926
95302831,1,0.76387488776082
95302836,1,0.899653377682299
95302837,0,0.155421802498471
95302850,0,0.229786911585957
95302874,0,0.216263901166998
95302877,0,0.269398945690142
95302886,0,0.0622926323511048
95302903,0,0.145047114565701
95302933,0,0.47850336703029
95302943,0,0.484414533159237
95302965,0,0.394823409981041
95302986,0,0.183434866166686
95302991,0,0.250765842332286
95303016,0,0.1464317470218
95303021,0,0.227555775331715
95303026,0,0.31151832460733
95303055,0,0.136746820195443
95303095,1,0.918655325599179
95303101,0,0.0886118008598692
95303127,0,0.306920273555398
95303135,0,0.247574344832782
95303137,1,0.653349672526187
95303140,0,0.217568846812613
95303141,0,0.208509155044325
95303152,0,0.210342109860965
95303155,0,0.0861014622133729
95303158,1,0.894620627618968
95303168,0,0.25700164724359
95303201,0,0.143617553750281
95303204,0,0.317983432392228
95303216,0,0.361878680992383
95303226,0,0.118454116051018
95303259,1,0.650392588981941
95303263,1,0.657303866990662
95303277,1,0.728611934134317
95303312,0,0.104927819041243
95303322,1,0.830160562407444
95303331,0,0.369054400805895
95303335,1,0.722570141068314
95303367,1,0.852657099284276
95303381,0,0.404295798594126
95303386,0,0.0895105703028476
95303395,0,0.205824528615779
95303398,0,0.153279546520836
95303407,0,0.239406285295275
95303411,0,0.20362704392357
95303417,0,0.104193534298232
95303424,0,0.0746619820516347
95303425,0,0.165899989433299
95303426,0,0.131914537417351
95303430,0,0.145029016812475
95303434,0,0.180002702047967
95303448,0,0.152761390923569
95303471,1,0.733415995514245
95303489,0,0.194405609611574
95303492,0,0.161887742046821
95303504,0,0.298010304086624
95303513,0,0.220638047768332
95303514,0,0.465971567785673
95303519,0,0.167795627697454
95303521,0,0.282027955151927
95303547,0,0.104849281536522
95303549,1,0.533054640422317
95303551,0,0.24803527492613
95303552,1,0.653331558449242
95303584,0,0.210014039362089
95303589,0,0.0974087244938392
95303600,0,0.160538584906467
95303608,0,0.231184172618541
95303615,0,0.137654382896152
95303622,0,0.112822066311703
95303627,0,0.203140861765408
95303653,0,0.21997257465358
95303664,0,0.115362996873034
95303675,1,0.929809340476836
95303677,0,0.165740752599319
95303725,0,0.178157423234885
95303730,0,0.241869732164684
95303740,0,0.0840924470576325
95303744,0,0.197227029201691
95303756,0,0.230520599199659
95303787,1,0.91733170193165
95303788,1,0.645009069545873
95303797,1,0.762538188634058
95303799,0,0.112587722351349
95303802,1,0.554074536350917
95303806,0,0.0776846402668161
95303839,0,0.124428793410118
95303849,0,0.0975111563206012
95303861,0,0.238477932842975
95303865,0,0.162426577691081
95303879,0,0.194825455701012
95303923,0,0.211113171347803
95303979,0,0.06621863355173
95303988,0,0.264553247676452
95304005,0,0.262829734778632
95304014,0,0.193397446287687
95304015,0,0.194557714593081
95304018,0,0.128882949669376
95304033,0,0.198846480269088
95304036,0,0.32966601446628
95304092,0,0.357656521255929
95304104,0,0.0755792815711996
95304125,0,0.323387070028546
95304202,0,0.0953321556017662
95304216,0,0.160444319876337
95304257,1,0.789758127248741
95304268,0,0.132291069929698
95304341,0,0.31151832460733
95304343,0,0.247276431758555
95304404,0,0.103086771825539
95304413,0,0.111380551419598
95304440,0,0.31151832460733
95304447,1,0.722672613827572
95304519,0,0.31151832460733
95304527,0,0.31151832460733
95304573,0,0.31151832460733
95304602,1,0.84126486179923
95304616,0,0.165320385479492
95304626,1,0.608764298790762
95304680,0,0.145861382550041
95304705,0,0.31151832460733
95304743,0,0.0855773368813347
95304781,0,0.31151832460733
95304837,0,0.079748033802252
95304841,0,0.138687627595912
95304874,0,0.151984386702089
95304944,0,0.31151832460733
95304966,0,0.31151832460733
95304972,0,0.362535734334909
95304975,0,0.203637561242348
95304993,1,0.668799636573095
95305011,1,0.618865359885007
95305116,0,0.14472341694833
95305189,0,0.142668757304842
95305208,0,0.31151832460733
95305248,0,0.151564149653614
95305317,0,0.31151832460733
95305364,0,0.132055551959739
95305365,0,0.0760893364525381
95305658,0,0.177760194817227
95305669,1,0.784485638236105
95305750,0,0.117121925349067
95305764,0,0.167493922247922
95305846,0,0.150750719518783
95305867,0,0.191516404395478
95305894,0,0.31151832460733
95305909,0,0.172505245931341
95305975,0,0.49547747831088
95306031,0,0.31151832460733
95306073,0,0.31151832460733
95306089,0,0.167031726655269
95306122,0,0.31151832460733
95306576,0,0.31151832460733
95306886,0,0.31151832460733
95307277,0,0.31151832460733
95800038,0,0.237967577710734
95800048,1,0.639618305097055
95800049,1,0.726271143075627
95800130,0,0.380142933521779
95800142,1,0.697817425736752
95800208,1,0.527380322089394
95800214,1,0.682894296156678
95800218,1,0.770639029218829
95800225,1,0.647360922155008
95800306,1,0.707385188942191
95800310,1,0.83508640315638
95800397,1,0.509567904672788
95800440,1,0.869066817584302
95800455,1,0.612998302956993
95800549,0,0.466405334366187
95800565,1,0.545084906096871
95800572,0,0.377244756288424
95800666,1,0.790157180164293
95800700,1,0.669502072612024
95800756,0,0.344192123578876
95800943,1,0.659317166592401
95801036,1,0.801089459652927
95801315,0,0.31151832460733
95801894,0,0.386902602413523
95801991,0,0.427300982400104
95802002,0,0.409637058765812
95802248,0,0.31151832460733
95802362,0,0.31151832460733
