event_code,event_name,state,active_vehicles,mean_signed_probability_delta,mean_abs_probability_delta,learned_weight_within_state
30002,左车道偏移,control,463,0.03253546896935884,0.03253546896935884,0.19631913092185616
30003,右车道偏移,control,463,0.03020938412679272,0.03020938412679272,0.1873902282006283
30017,长时间压线,control,457,0.021368517254676887,0.021368517254676887,0.1534537015409374
41005,抽烟,control,438,0.016759719383134718,0.016759719383134718,0.13576238301989677
41009,频繁低头,control,462,0.01231395192368051,0.01231395192368051,0.11869687257923946
41002,打哈欠,control,464,0.011802629998043445,0.011802629998043445,0.11673411367651278
41004,打电话,control,436,0.0052662464111554366,0.0052662464111554366,0.09164357006092912
60294,右盲区报警,exposure,27,-0.08212112599662287,0.08212112599662287,0.5330016100425936
60292,后盲区报警,exposure,210,-0.06296837717663312,0.06296837717663312,0.46699838995740645
11804,未遂事故,history,165,0.00036174880101329883,0.00037567718905430735,0.5592699767986515
11803,事故,history,10,0.00022441988711140447,0.0002316840442329604,0.44073002320134846
30000,前碰撞预警,proximal,463,0.05757966106380006,0.05757966106380006,0.5000785037719933
30005,车距过近,proximal,464,0.05754351065090635,0.05754351065090635,0.4999214962280068
41006,摄像头遮挡,quality,107,-0.012752782163473041,0.012880267071216605,0.5238105176795927
41021,摄像头角度扭转,quality,133,-0.010561683688168396,0.010640135250013474,0.4761894823204073
41003,注意力分散,upstream,433,0.0034637659367932985,0.0034706925525076877,0.1407053752286147
11406,高速长下坡超速,upstream,43,0.003256763859981138,0.0032651663811420193,0.1356630051064798
41023,看手机,upstream,402,0.0027680780437281905,0.002779052559187494,0.12373670980553128
11403,危险路段超速报警,upstream,21,0.0024113954464687944,0.0024468789369781235,0.1155871766494359
41029,困倦,upstream,409,0.0022251141072917183,0.002230599111392621,0.11028097684380346
11401,路口超速,upstream,143,0.0005168390440648739,0.002037378635506893,0.10554051411773319
41001,疲劳（闭眼）,upstream,307,0.0018983747742432292,0.0019460618082328977,0.1033001510611212
11402,主路弯道超速,upstream,44,0.0014351375847343215,0.0014365169090509008,0.09079899873366276
11405,匝道超速,upstream,23,0.000749843345946303,0.0007675703262241552,0.0743870924536177
